Abel, RELAbilant, LOCAbirun !Abisme, CHIAbraham, RELAbsalon, RELAcelin, CHIAcenssion, FESTAchilles, CLASAcre, LOCAdam, RELAdan, RELAelroth, CHIAffrike, LOCAgaba !Agamennon, CLASaignelet, VILAimer, CHIAimeri, CHIAis, LOCAlbanie, LOCAlde, CHIAlemaigne, LOCAlemans, NATAleverne, LOCAlexandre, CLASAlexandrie, LOCAlexandrin !Alexandrine!Alexis, RELAlixandre, CLASAlmace, SAlmaris, CHIAlphaïen!Alsis!Alverne, LOCAmbedoi!Amborres d’Oluferne, CHIAmbure!Ambure!Ameri, CHIAmiens, LOCAmiral, CHIAmors !Andret!AndrezAngers, LOCAngevin, NATAnglois, NATAnjou, LOCAnseïs, CHIAntelme de Maience, CHIAntigone, CLASAntioche, LOCApolin, CLASApollin, CLASApoloine, CLASArabe, NATArabie, LOCArcadie, LOCArdene, LOCArgoilles, NATArgoillie, NATArgone, LOCAristote, CLASArrabe, NATArrabit, LOCArrabiz, LOCArragon, LOCArras, LOCArtu, CHIArtur, CHIArtus, CHIArtus de Bretaigne, CHIAstors !Astramariz, CHIAttun !Austorie, CHIAvalun, LOCAvers, NATBabiloine, LOCBade, LOCBademagu, CHIBademagus, CHIBademaguz, CHIBaivere, LOCBaivers, LOCBaivier,LOCBalaguez, LOCBalasgued, LOCBaldewin, CHIBaldise, LOCBalide, LOCBaligant, CHIBarbamusche, ANIBarbefluet, LOCBasan, CHIBasant, CHIBasbrun, CHIBascle, LOCBasilie, CHIBasilies, CHIBaudas, LOCBavier, LOCBede, AUTBel Joeor, ANIBelne?Berenger, CHIBerengers, CHIBerin, LOCBernard, CHIBerox, AUTBerte, CHIBerte as grans piés, CHIBerteram, CHIBertram, CHIBesençun, LOCBesgun, VILBevon, CHIBire, LOCBiterne, LOCBlaceflor, CHIBlaive, RELBlancandrins, CHIBlanceflo, CHIBlanceflor, CHIBlanceflore, CHIBlanceflors,CHIBlanchandrins, CHIBlaru, VILBlerain, ABlere, ABlos, LOCBonivent, LOCBorguignuns, NATBougerie, LOCBoulogne, LOCboulongne, LOCBourgoigne, LOCBourgongne, LOCBramidonie, CHIBramimunde, CHIBreban, LOCBreibançon, LOCBrengain, CHIBrenguein, CHIBretagne la Menur, LOCbretaigen, LOCBretaigne, LOCBretaigne la Menur, LOCBretanz, LOCBretun, NATBretuns, NATBrochet !Bruise, LOCBrunain, ANIBruns !Brusban, LOCBucifax, CHIBugre, NATBuluigneis, NATBurdel, LOCBurgoine, LOCBurguigne, LOCButentrot, LOCCalabre, LOCCalcide, LOCCaliferne, LOCCamp Flori, LOCCanabeus, CHICanelius, NATCapadoce, LOCCapadosse, LOCCapuel, CHICarcasonie, LOCCarduel, LOCCarle, CHICarlemagnes, CHICarlemain, CHICarlemaine, CHICarlemaines, CHICARLES, CHICarles, CHICarles de France, CHICarles li Magnes, CHICarleun , LOCCarloon, LOCCarlun, LOCCartres, LOCCaruënt, LOCCastel de Valfunde, LOCCastele, LOCCazmarine, LOCCervestre, RELCesar, CLASChaitivel, TITchallemasre ???Chanpaigne, LOCCharle , CHICharlemagne, CHICharlemaigne, CHICharlemaine, CHICharles, CHICharles Maines, CHICharlun, CHIChastellet, LOCChatons??Cheriant, LOCChernuble, CHIChernubles, CHIChernubles de Munigre, CHICherubin, CLASChevalier du guet, CHICholet, LOCChristine, AUTCinglor, CHIClarbone, LOCClarïen, CHIClarifan, CHIClarin de Balaguet, CHIClavers, CHIClimborins, CHIClimorins, CHICoguillanz de Mautirec, CHIColin Laurens, VILCommibles, LOCConstans, LOCConstantinoble , LOCConstentinoble, LOCCordres, LOCCoris, CHICorneualeis, LOCCornoaille, LOCCornot, NATCornoualle, LOCCornuaille, LOCCornuelan, NATCornuelois, NATCorsablix, CHICorsalis, CHICostantin, CLASCostentin, CLAS/LOCCostentinnoble, LOCCostentinoble, LOCCostuntinoble, LOCCrestïensCrisans de Rome, CHICristus, RELCroiz Partie, LOCCuerlion, LOCCupido, CLASDaciens, CLASDaires, CLASDamedex, RELDamledé, RELDamledieu, RELDamne-Dé, RELDamnedeu, RELDampnedeu, RELDanaalain, CHIDaniel, RELDapamort, CHIDathan, RELDavid, RELDé, RELDelbora, RELDenemarche, LOCDenise, RELDenoalan, CHIDes, RELDeu, RELDeus, RELDeücalion, CLASDex, RELDido, CLASDieu, RELdieu, RELDieus, RELDieux, RELDigun, LOCDinan, LOCDinas, LOCDinoalain, CHIDiu, RELDol, LOCDonbes, LOCDonoalen, CHIDroün, CHIDuëlas, LOCDun, LOCDureaume, LOCDurelme, LOCDurendal, SWDurestant, LOCdyable, RELDyane, CLASEcho, CLASEgipte, LOCEis, LOCElaine, CLASEliduc, CHIElidus, CHIEneas, CLASEneslepasEnfer, LOCEnfruns, NATEngleis, NATEngletere, LOCEngleterre, LOCEnvers sur le Rosne, LOCEquitaine, LOCEquitan, CHIErmines, LOCErnalz, CHIEsclavoz, NATEscoce, LOCEscoz, LOCEscremiz de Valterne, CHIEsme, RELEspaigne, LOCEspaigneis, NATEspaine, LOCEstamarin, CHIEstefne, RELEstorgans, CHIEsturganz, CHIEsturguz, CHIEthipe??Eudropin, CHIEufemiiens, CHIEufrates, LOCEugiez, CHIEvains, CHIEvrol, RELExcestre, LOCExcoce, LOCFaires, CHIFaldrun de Pui, CHIFalsaron, CHIFelis, CHIFerlin, LOCFlamenc, NATFlamengs, NATFlamens, NATFlandres, LOCFlemenc, NATFloire, CHIFloires, CHIFlore, CHIFloredee, LOCFlores, CHIFlurit, CHIFoiz, LOCFournier, VILFraisne, CHIFraisnes, CHIFranc, NATFrance, LOCFranceis, NATFrançois, NATFrancor, NATFrançoy Fillon, AUTFrancs, NATFrise, LOCFrisuns, NATFrocin, VILFrocine, VILFrocins, VILFronde, LOCgabriel, RELGabriel, RELGaides, CHIGaidon, CHIGaidons, CHIGaifiers, CHIGalafes, CHIGales, LOCGalice, LOCGalisse, LOCGallois, NATGalne, LOCGant, LOCGarmalie, CHIGascoigne, LOCGascuigne, LOCGaugains, CHIGauvain, CHIGauvains, CHIGavoie, LOCGebuin, CHIGédéon, CHIGefrei d’Anjou, CHIGefreit d’Anjou, CHIGeifreit, CHIGemalfin, CHIGenin, CHIgeorge, RELGerard, CHIGerard de Russillun, CHIGerart de Rossillon, CHIGerers, CHIGerflet,CHIGerin, CHIGibuins, CHIGilie, CHIGirard Gossuïn, VILGirflez, CHIGirunde, LOCGloris, CHIGodefroiz de Leigni, CHIGodoïne, CHIGodselmes, CHIGolias, RELGorreGotteGoudoïneGouvernalGouvieulxGovernalGovernauz de RoberdicGramimundGrandonieGrandoniesGrece, LOCGreignorGriuGriusGrosGros FiguierGrossailleGualesGualter, CHIGualter de Hums, CHIGualter de l’Hum, CHIGualters, CHIGuarlanGuarnemenzGuascuigneGuascuinz de Burdele, CHIGuascuinz EngelerGué Aventuros, LOCGuenelon, CHIGuenelons, CHIGuenelun, CHIGuenesGuenievre, CHIGuesnes, CHIGuhtlandeGuigemar, CHIGuildeluëcGuillames, CHIGuillaume, CHIguillaume, CHIGuillaume CottinGuillaume De Lorris, AUTGuillaume VillonguillemetteGuillemetteGuilliadunGuillot GueutryGuinablesGuinemanGuinemansGuinemerGuitsandGunemanGurunHaimerHalteclere, SWHaltilieHaltoïeHamon de Galice, CHIHector, CLASHelaine, CLASHenoiersHenriHermansHesterHoilasHongerieHudentHugue, CHIHugun, CHIHumsHungerie, LOCHungre, LOCHungres, LOCHusdanHusdantHusdensHusdentHusdenziehaniehan de noyonIgnoresImpheInnocenzioceaulmeIrlande, LOCIrlandë, LOCIseut, CHIIsneldoneIsrael, LOCIvain, CHIIvains, CHIIvein, CHIIvon, CHIIvorieIyessesIyssesJacques CardonJacques RaguierJaianzJangleuJasqueJehanJehan le CornuJehan MarceauJehan MautaintJehan RaguierJehan TrouvéJehanne de MillieresJericho, LOCJerico, LOCJerusalem, LOCJesu, RELJesu-Crist, RELJesum, RELJesus, RELJesus-Crist, RELJhesu, RELJhesus, RELjhesuscrist, RELJobelJohanJohanneJoiuseJonas, RELJosuéJoünerJozeran de Provence, CHIJozerans, CHIJudeusJudith, RELJulianeJuno, CLASJurasJurfaleuJurfaretJustin de Val Ferree, CHIKardoeil, LOCKarle, CHIKarlemagne, CHIKarlemaine, CHIKarlemaines, CHIKarles, CHIKarles li Magnes, CHIKarleun, LOCKarlion, LOCKarliün, LOCKarlon, CHIKartagene, LOCKes, CHIKeu, CHIKeulx, CHIKex, CHIKex d’Estrax, CHILa Blanche Lande, LOCla Coldrela Croiz, LOCla Croiz Roge, LOCla Tors as Puceles, LOClabbe diverneaux, RELlaigneletLaliceLancelot, CHILanceloz, CHILanceloz del Lac, CHILancïenLanvalLatanieLatinLaurenceLavineLazareLazaronLe Fraisne, CHILeda, CLASLenferLicorisLidanLiünLoengre, LOCLoengres, LOCLoenoiLoenoisLoewisLogres, LOCLoheregneLohereigneLoherencsLoherengsLombardie, LOCLondres, LOCLooÿsLorantlorineLorraine, LOClorraine, LOCLoümLumbardie, LOCLymoges, LOCLÿon, LOCMachinerMacrobeMaelgutmagdelene, RELMaheu, RELMahum, RELMahumet, RELMaine, LOCPierre pathelinRobertMal PasMalbienMalcudMalduitMalpalin de Nerbone, CHIMalpertuisMalpramisMalpreisMalprimis de Brigal, CHIMalprimis de Brigant, CHIMalproseMalquiantMaltetMaltraïenMalunMalvaisMalvestiezMarbriseMarbroseMarc, CHIMarcilie, CHIMarculesMarganicesMargariz, CHIMargariz de Sibilie, CHIMarie, AUTmarie, RELMaries, RELMarisliuns, CHIMarmorieMars, CHIMarsile, CHIMarsilie, CHIMarsilies, CHIMarsiliun, CHIMarsuneMartinmartin garantMaruseMaseuzmathelinmathurinMau PenséMeleagant, CHIMeleaganz, CHIMeliagant, CHIMeliaganz, CHIMelitaineMeriaduMeriadusMerlin, CHIMicenesMichelMichel del Peril, CHIMilitaineMilunMinorMirebeufMonfelisMonpellier, LOCMontignyMontoireMorhotMorhoutMorianeMorroisMorsMoutonnierMoysesMuldumarecMunjoieMunt Seint Michiel, LOCMurgleisMurgliesNaimesNaimonNansNantes, LOCNaples, LOCNarcisus, CLASNeimesNerbone, LOCNeüstrieNevelunNicetteNicolas de Louviers, CHINicoleNigresNinivenNiquesNoauzNoeNoël, FNöexNoirs de la MontaigneNoplesNorhumbreNorman, NATNormandie, LOCNormans, NATNormendie, LOCNorweie, LOCNostre Dame, RELNubie, LOCNublesNygonOccianOccident, LOCOciantOger, CHIOger de Deenemarche, CHIOger de Denemarche, CHIOger li Daneis, CHIOgers, CHIOgrin, CHIOgrins, CHIOliver, CHIOmerOnorieOrange, LOCOrient, LOCOrïent, LOCOrléans, LOCOrliens, LOCOrmaleisOrmaleusOrriOtesOtovian, CLASOtunOvide, AUTOyseusePallas, CLASPanpelunePantecoste, FParadis, LOCParelementpargigonParisParysParthonopeusPaske FlouriePassecerfPasselandePater noster, RELPathelinPeitevinsPeitiers, LOCPeitou, LOCPentecoste, FPenthecouste, FPercent MerchantPere, RELPerinisPerrePersPersaunzPerse, LOCPetitevinspicardie, LOCPierepierrePierre BasannierPierre de Roussevillepierre pathelinPiladésPinabelPinabelsPinceneisPinePiramusPirraPisPistrePistreisPlatonPomelegoiPomelesglaiPopinPreciënsPreciuse, SPriamunPrimesPröesceProvence, LOCPuillanPuillanie, LOCPuillePymalion, CLASQeu, CHIQuatre DoelsQuesRabelRabelsRacheRainsRegnier de Montigny, CHIReiner, CHIRembaltRencesval, LOCRencesvals, LOCRencevals, LOCReneborsRichard, CHIRobert ValeeRoche del Guitume, CHIRodomadus, CLASRolland, CHIRollant, CHIRomain, NATRomaine, NATRomanie, LOCRomanzRomeRommainrommeRosnerue Saint Anthoine, LOCRume, LOCRunersSainct Amant, RELSainct Jacques, RELsainct Mor, RELsaincte marie, RELSaincte Paternostre, RELsains Jorge, RELSaint André, RELsaint Anthoine, RELSaint Denis, RELSaint Esperit, RELsaint Esperite, RELSaint Estienne, RELsaint gille, RELsaint iacques, RELsaint iean, RELsaint Jake, RELsaint Jorge, RELSaint Lubin, RELsaint pierre, RELsaint pierre lapostre, RELSaint Richier, RELSaint Sanson, RELSaint Tresmor de Carahès, RELSaint Valentin, RELSaint-Esprit, RELSainte Marie, RELsainte Marie, RELsainte marie, RELSainte Terre, RELSainz Alexis, RELSainz Boneface, RELSainz Esperiz, RELSainz Innocenz, RELSaisneSaisnesSaisonieSalemon, RELSalerneSalmon, RELSalomon, RELSamuel, RELSansun, RELSarazin, NATSarazins, NATSarraguce, LOCSarrasins, NATSarrazin, NATSarrazins, NATScipion, CLASSebileSebreSegoconseigneur de Grigny, CHISeignor de Rome, CHISeine, LOCseint Aaron, RELSeint Antonie, RELseint Clement, RELSeint Denis, RELSeint Johan, RELSeint Malo, RELseint Nicholas, RELseinte Marie, RELSeinz, RELSeisneSemiramisSenz PerSerbonne, LOCSesneSevrin, RELSezilie, LOCSimeon, RELSirie, LOCSizerSolterasSorbresSorelSorenceSorzSuatilieSuhthamptune, LOCSuhtwales, LOCSuliansTable Reonde, LOCTachebrun, ATarsonTaulas de la Deserte, CHITedbalt, CHITedbalt de Reins, CHITencendorTencendurTervagan, RELTervagant, RELTessaile, LOCThessaile, LOCThibault, CHIThibault de Vittry, CHIthibaut, VILThoasThomasThoseTiedeisTierriTierrisTimozelTintagel, LOCTintaguel, LOCTintajol, LOCTolasToloseTorleuTorleusToteneisTraceTristram, CHITristran, CHITristrans, CHITristrant, CHITroies, LOCTroyes, LOCTrumillieresTudeleTueleTuletteTurcs, NATTurgis de Turteluse, CHITuroldus, CHITurpin, CHITurpins, CHITurpins de Reins, CHIUrïen, CHIVal Fuit, LOCVal Marchis, LOCVal Sevree, LOCValdabrun, CHIValdabruns, CHIValence, LOCVales, LOCValterne, LOCVauvain, CHIVegece, CLAVeillantif, AVenus, CLAVénus, CLAVillon, AUTVirgilie, CLAVivien, CLAVulcans, CLAWales, LOCWalwains, CHIWillalme de Blaive, CHIWilleme, CHIWillemes de Orenge, CHIYders, CHIYlaire, RELYliers, LOCYonec, CHIYrlande, LOCYseut, CHIYsmaine, CLASYtier Merchant, VILYvain, CHIYvains, CHIYvoeries, CHIYwains, CHI